ID,GlideNumber,Country,OtherCountry,long,lat,Area,Began,Ended,Validation,Dead,Displaced,MainCause,Severity
54,0,Dominican Republic,0,-71.7971,18.8752,7757.79,1985-09-14,1985-09-15,News,12,895,Heavy rain,1.0
66,0,Jamaica,0,-77.2692,17.9531,3961.15,1985-11-19,1985-11-22,News,7,0,Tropical cyclone,1.0
73,0,Peru,,-69.0747,-16.1155,94944.29,1986-02-01,1986-05-01,News,0,300000,Torrential rain,2.0
82,0,Chile ,0,-71.0406,-33.0922,27913.34,1986-05-27,1986-05-29,News,8,17000,Torrential rain,1.0
85,0,Jamaica,,-76.2478,20.8066,81780.3,1986-06-04,1986-06-15,News,94,11860,Heavy rain,1.0
86,0,Chile ,0,-71.0406,-33.0922,27913.34,1986-06-15,1986-06-18,News,40,45000,Heavy rain,1.0
111,0,Haiti ,0,-72.9026,18.7575,1153.3,1986-10-23,1986-10-25,News,40,901,Heavy rain,1.0
121,0,Peru,0,-74.0575,-12.3047,29211.31,1987-02-01,1987-02-10,News,113,2000,Heavy rain,1.0
124,0,Ecuador  ,0,-77.4907,-0.131721,31908.09,1987-03-05,1987-03-07,News,300,15000,"Dam/Levy, break or release",1.0
125,0,Peru ,0,-76.7345,-11.8797,4672.27,1987-03-09,1987-03-11,News,12,1000,"Dam/Levy, break or release",1.0
128,0,Ecuador ,0,-79.4853,-2.54852,15796.42,1987-04-03,1987-04-05,News,100,3000,Torrential rain,1.0
134,0,Dominican Republic ,0,-71.0321,18.5812,7875.83,1987-05-30,1987-05-31,News,10,200,Heavy rain,1.0
140,0,Chile ,0,-71.1067,-33.8689,36283.59,1987-07-12,1987-07-18,News,47,90000,Heavy rain,1.0
158,0,Jamaica ,0,-76.9826,18.0492,4628.65,1987-10-30,1987-11-01,News,4,1000,Tropical cyclone,1.0
164,0,Dominican Republic ,0,-70.4315,19.321,10489.39,1988-02-01,1988-02-02,News,4,2000,Heavy rain,1.0
169,0,Peru,0,-72.4803,-12.823,5174.04,1988-02-22,1988-02-22,News,0,0,Heavy Rain,1.0
182,0,Cuba ,0,-79.1496,21.6272,34415.84,1988-05-30,1988-06-06,News,24,65000,Heavy rain,1.0
311,0,Chile,0,-70.6563,-33.4482,10675.38,1989-06-19,1989-06-21,News,0,0,Heavy rain,1.0
313,0,Peru,0,-80.5262,-5.5536,21796.2,1989-06-25,1989-06-29,News,0,0,Heavy rain,1.0
289,0,Peru,0,-76.7805,-11.5274,2956.89,1989-02-16,1989-02-22,News,60,1000,Heavy rain,1.0
369,0,Antigua,0,-62.9478,17.5697,6052.93,1989-09-18,1989-09-21,News,14,50000,Tropical cyclone,1.0
397,0,Peru,0,-72.9381,-13.4786,132815.37,1990-02-20,1990-02-23,News,21,100,Heavy rain,1.0
409,0,Guyana,0,-58.5812,7.05753,32173.92,1990-04-25,1990-05-04,News,0,0,Heavy rain,1.0
478,0,Guyana,0,-57.425,6.08126,1757.83,1990-11-03,1990-11-08,News,0,0,Heavy rain,1.0
486,0,Peru,0,-73.8493,-13.4786,111346.2,1990-12-28,1990-12-30,News,20,2000,Heavy rain,1.0
492,0,Ecuador,0,-79.6533,-1.31926,114114.99,1991-02-02,1991-02-08,News,14,300,Heavy rain,1.0
514,0,Jamaica,0,-77.2969,18.1334,7557.24,1991-05-21,1991-05-23,News,15,320000,Torrential rain,1.0
519,0,Colombia,0,-76.1732,6.78188,16501.33,1991-06-03,1991-06-07,News,57,239,Heavy rain,1.0
526,0,Chile,0,-69.9059,-23.4864,15852.58,1991-06-18,1991-06-19,News,120,30000,Torrential rain,1.0
616,0,Puerto Rico,0,-66.4526,18.2253,7913.47,1992-01-05,1992-01-08,News,20,600,Heavy rain,1.0
622,0,Cuba,0,-77.9128,21.56,90431.11,1992-02-06,1992-02-10,News,0,9127,Heavy rain,2.0
628,0,Peru,0,-79.6066,-4.68836,40568.07,1992-03-03,1992-03-25,News,0,32000,Heavy rain,2.0
637,0,Ecuador,0,-79.5078,-1.794,109522.16,1992-03-24,1992-05-08,News,22,10000,Heavy rain,1.0
723,0,Colombia,0,-76.3694,7.62904,26875.51,1993-01-05,1993-01-05,News,16,0,Heavy rain,1.0
735,0,Ecuador ,0,-78.9145,-2.88189,2470.84,1993-04-15,1993-04-15,News,77,25000,Torrential rain,1.0
737,0,Chile ,0,-71.6121,-33.3854,1261.76,1993-05-03,1993-05-03,News,21,1225,Heavy rain,1.0
741,0,Jamaica ,0,-77.3418,18.0135,3211.86,1993-05-19,1993-06-01,News,8,1600,Heavy rain,1.0
745,0,Haiti,Cuba,-76.531,20.9476,73170.21,1993-05-31,1993-06-02,News,20,40000,Torrential rain,1.0
768,0,Peru ,0,-73.5893,-4.86699,134855.86,1993-08-30,1993-08-30,News,0,300000,Heavy rain,1.0
800,0,Cuba ,0,-75.3512,20.5564,19322.92,1993-11-24,1993-11-28,News,30,51000,Torrential rain,1.0
807,0,Peru ,0,-74.5879,-10.0433,162327.61,1993-12-08,1993-12-15,News,0,5000,Heavy rain,1.0
826,0,Colombia,0,-76.2,3.52764,4298.62,1994-01-31,1994-02-02,News,16,60000,Heavy rain,1.0
828,0,Peru,0,-77.0482,-8.13028,609261.38,1994-01-31,1994-02-20,News,63,12000,Heavy rain,1.0
831,0,Peru,0,-76.0086,-12.0008,27660.41,1994-02-27,1994-03-06,News,17,120000,Heavy rain,2.0
850,0,Colombia,0,-76.8547,2.1264,27784.17,1994-06-05,1994-06-09,News,2,240,Avalanche related,1.0
886,0,Ecuador,0,-78.9872,-2.21514,39018.9,1994-08-20,1994-08-24,News,5,500,Heavy rain,1.0
917,0,Haiti,0,-72.2583,18.9834,26426.95,1994-11-05,1994-11-15,News,400,0,Tropical cyclone,1.0
918,0,Jamaica,0,-77.272,18.12,11114.13,1994-11-06,1994-11-14,News,4,0,Tropical cyclone,1.0
919,0,Cuba,0,-78.0913,21.4949,84994.35,1994-11-06,1994-11-14,News,2,100000,Tropical cyclone,1.0
964,0,Cuba,0,-81.5247,22.3839,56146.8,1995-06-21,1995-06-23,News,3,5000,Heavy rain,1.0
993,0,Martinique,0,-61.3214,15.3651,51662.9,1995-09-05,1995-09-18,News,20,24000,Tropical cyclone,1.0
1014,0,Cuba,0,-83.7471,22.388,11847.67,1995-09-29,1995-09-30,News,0,4000,Tropical cyclone,1.0
1112,0,Puerto Rico,Dominican Republic,-66.4234,18.2334,11196.99,1996-09-11,1996-09-19,News,24,10000,Tropical Cyclone,1.0
1132,0,Haiti,0,-72.5452,19.7426,1037.99,1996-11-13,1996-11-17,News,18,160,Heavy Rain,1.0
1133,0,Dominican Republic,0,-70.8404,19.5692,6750.71,1996-11-17,1996-11-23,News,3,3000,Tropical Cyclone,1.0
1145,0,Peru,0,-72.3791,-13.7619,7522.33,1997-02-17,1997-02-17,News,41,600,Heavy rain,1.0
1177,0,Chile,0,-69.2465,-22.673,224909.6,1997-08-15,1997-08-19,News,10,0,Heavy rain,1.0
1192,0,Colombia,0,-74.7673,9.43645,5122.89,1997-10-14,1997-10-16,News,2,15000,Heavy rain,1.0
1214,0,Ecuador,0,-80.1618,-2.75775,25946.27,1997-03-09,1997-03-24,News,12,1000,Heavy rain,1.0
1236,0,Chile,0,-71.9148,-36.9193,144383.48,1997-06-10,1997-06-24,News,20,51000,Heavy rain,2.0
1244,0,Cuba,0,-77.8865,21.5523,73126.82,1997-06-07,1997-06-11,News,1,8300,Heavy rain,1.0
1287,0,Ecuador,0,-79.7529,-1.66383,119920.44,1997-11-01,1997-11-30,News,27,10000,Heavy rain,1.0
1299,0,Peru,Ecuador,-72.7401,-10.0704,1990345.45,1997-11-15,1998-02-12,News,200,100000,Tropical cyclone,1.0
1303,0,Peru,Ecuador,-75.7124,-6.77841,1339873.49,1998-02-10,1998-03-15,News,364,0,Tropical cyclone,1.0
1446,0,Dominican Republic,Haiti,-70.8401,18.6733,67469.38,1998-09-21,1998-09-22,News,353,11140,Tropical cyclone,1.0
1468,0,Dominican Republic,0,-70.7941,19.0446,32651.28,1998-11-10,1998-11-12,News,2,200,Heavy rain,1.0
1494,0, Peru,0,-74.7936,-5.50598,107432.01,1999-02-20,1999-02-24,News,36,40000,Heavy rain,1.0
1509,0,Peru,0,-69.9695,-3.40199,184577.68,1999-05-13,1999-05-24,News,4,250000,Brief torrential rain,1.0
1562,0,Dominican Republic,USA,-70.9329,19.5038,55652.77,1999-10-22,1999-10-26,News,4,0,Tropical cyclone,1.0
1575,0,Colombia ,0,-73.4589,7.55452,199850.29,1999-09-15,1999-12-15,News,0,771000,Heavy rain,1.0
1601,0,Colombia ,0,-75.7319,0.948344,200560.21,2000-05-18,2000-05-24,News,9,67500,Heavy rain,1.0
1607,0,Chile,0,-71.4062,-34.0886,84226.48,2000-06-05,2000-06-16,News,0,41000,Heavy rain,2.0
1608,0,Colombia,0,-74.6479,6.87616,25753.6,2000-06-05,2000-06-07,News,0,0,Heavy rain,1.0
1643,0,Belize,Mexico,-88.3995,18.2855,3925.89,2000-10-01,2000-10-05,News,14,10621,Brief torrential rain,1.0
1704,0,Ecuador ,0,-80.1188,-0.713264,2306.25,2001-03-08,2001-03-10,News,11,1200,Brief torrential rain,1.0
1708,0,Peru ,0,-69.7653,-16.0622,17426.57,2001-03-01,2001-03-21,News,0,10800,Heavy rain,1.0
1713,0,Peru ,0,-73.9043,-11.8868,14812.43,2001-04-25,2001-04-26,News,9,300,Brief torrential rain,1.0
1727,0,Haiti ,0,-72.4737,19.0665,7778.67,2001-05-16,2001-05-18,News,15,0,Heavy rain,1.0
1734,0,Ecuador ,0,-79.0662,-4.62266,3656.59,2001-06-11,2001-06-20,News,41,8000,Heavy rain,1.0
1823,0,Puerto Rico,0,-66.4289,18.2233,8801.88,2001-11-07,2001-11-15,News,0,250,Heavy rain,1.0
1836,0,Columbia,Ecuador,-76.3297,3.55472,5306.6,2001-12-13,2001-12-14,News,8,0,Heavy rain,1.0
1848,0,Peru,0,-73.8067,-3.16741,272804.86,2001-12-26,2001-12-29,News,6,20000,Heavy rain,1.0
1873,0,Peru,0,-73.808,-13.4554,333296.24,2002-02-04,2002-02-15,News,6,20000,Heavy rain,1.0
1890,0,Ecuador,0,-80.0304,-1.74037,71519.2,2002-03-06,2002-04-29,News,28,6000,Heavy rain,1.0
1898,0,Peru,0,-70.1647,-15.77,13766.51,2002-03-17,2002-03-31,News,13,500,Heavy rain,1.0
1932,0,Chile,0,-70.1631,-30.1182,166884.09,2002-05-24,2002-06-05,News,9,50000,Heavy rain,2.0
1948,0,Jamaica,0,-77.2006,17.9643,3012.07,2002-06-12,2002-06-16,News,7,400,Heavy rain,1.0
1951,0,Cuba,0,-79.4307,22.0018,15669.48,2002-06-12,2002-06-16,News,0,30000,Heavy rain,1.0
2042,0,Chile,0,-72.1311,-35.8628,62183.46,2002-08-24,2002-08-29,News,2,8000,Heavy rain,1.0
2070,0,Argentina,Chile,-60.1011,-31.072,283687.64,2002-10-12,2002-11-02,News,7,6000,Heavy rain,1.0
2084,0,Peru,0,-74.6846,-10.9711,6119.98,2002-11-09,2002-11-12,News,4,100,Heavy rain,1.0
2138,0,Peru,0,-70.4323,-13.3744,78942.02,2003-01-23,2003-02-10,News,7,12000,Heavy rain,1.0
2144,0,Peru,0,-72.102,-13.2385,36369.03,2003-01-28,2003-02-10,News,12,0,Heavy rain,1.0
2145,0,Peru,0,-69.31,-15.8735,65370.88,2003-01-28,2003-02-10,News,6,34000,Heavy rain,1.0
2207,0,Haiti,0,-65.8269,18.2528,1139.21,2003-04-16,2003-04-22,News,4,300,Heavy rain,1.0
2339,0,Haiti,0,-72.6439,19.1059,160.198,2003-08-29,2003-08-30,News,24,12000,Heavy rain,1.0
2380,0,Haiti,0,-70.9826,19.4794,21413.21,2003-11-10,2003-11-26,News,12,48000,Heavy rain,1.0
2400,0,Dominican Republic,0,-70.3175,18.3702,7224.1,2003-12-06,2003-12-08,News,8,1000,Tropical Cyclone,1.0
2413,0,Guyana,0,-58.3564,6.66256,16827.6,2004-01-05,2004-01-07,News,0,0,Heavy rain,1.0
2414,0,Peru,0,-76.2224,-8.29307,73131.96,2004-01-08,2004-01-10,News,0,11000,Heavy rain,1.0
2468,0,Peru,0,-72.5289,-13.1078,271.875,2004-04-10,2004-04-11,News,1,50,Heavy rain,1.0
2486,0,Dominican Republic,Haiti,-71.9034,18.5255,8904.89,2004-05-23,2004-06-01,News,3300,13000,Heavy rain,1.0
2517,0,Chile,0,-72.7137,-39.6445,4606.95,2004-06-30,2004-07-01,News,3,9000,Heavy rain,1.0
2560,0,USA,Bahamas,-81.4393,27.6084,308986.37,2004-09-05,2004-09-14,News,16,300,Tropical cyclone,1.0
2562,0,Jamaica,USA,-83.2347,34.6172,363510.71,2004-09-08,2004-09-21,News,100,20000,Tropical cyclone,2.0
2566,0,Haiti,0,-81.9664,28.8006,109541.01,2004-09-15,2004-10-01,News,3006,280000,Tropical cyclone,1.0
2574,0,Colombia,0,-73.785,9.15024,159581.94,2004-10-11,2004-11-30,News,30,300000,Heavy rain,1.0
2613,0,Guyana,0,-58.0383,6.60784,2339.48,2005-01-15,2005-02-25,News,31,375000,Heavy rain,2.0
2625,0,Colombia,Venezuela,-72.9646,7.58834,43716.57,2005-02-11,2005-02-26,News,95,70000,Heavy rain,1.0
2646,0,Colombia,0,-74.3223,6.35323,34532.06,2005-04-11,2005-04-14,News,11,0,Heavy rain,1.0
2679,0,Chile,0,-72.76,-36.9575,12209.92,2005-06-26,2005-06-28,News,5,800,Heavy rain,1.0
2753,0,Jamaica,Haiti,-83.3284,22.4834,47853.29,2005-10-19,2005-10-25,News,24,100000,Tropical cyclone,1.0
2756,0,Haiti,Dominican Republic,-72.4696,18.9658,12264.27,2005-10-23,2005-10-26,News,26,1500,Tropical cyclone,1.0
2761,0,Colombia,0,-75.311,8.52116,115246.52,2005-09-15,2005-12-16,News,95,100000,Heavy rain,1.0
2765,0,Jamaica,0,-76.937,18.1724,761.612,2005-11-15,2005-11-17,News,3,0,Heavy rain,1.0
2782,FL-2006-000009-GUY,Guyana,0,-58.6627,6.89182,24216.56,2006-01-08,2006-02-14,News,20,5000,Heavy rain,1.0
2802,FL-2006-000034-ECU,Ecuador,0,-79.9807,-2.23169,61414.58,2006-02-16,2006-05-06,News,17,55000,Heavy rain,1.0
2823,FL-2006-000042-COL,Colombia,0,-75.5975,5.43477,157985.09,2006-03-22,2006-06-02,News,130,60000,Heavy rain,1.0
2840,0,Dominican Republic,0,-70.6918,19.4638,15650.91,2006-04-11,2006-04-15,News,1,0,Heavy rain,1.0
2858,FL-2006-000057-SUR,Suriname,0,-56.4844,3.41728,62043.81,2006-05-07,2006-05-29,News,3,22000,Heavy rain,2.0
2870,0,Cuba,0,-82.321,23.0443,1943.12,2006-05-23,2006-05-27,News,7,0,Heavy rain,1.0
2920,0,Chile,0,-72.642,-37.2588,5035.05,2006-07-11,2006-07-17,News,15,30000,Heavy rain,1.0
3000,FL-2006-000171-HTI,Haiti,0,-73.4818,18.4972,6318.74,2006-11-28,2006-12-01,News,7,1500,Heavy rain,1.0
3007,0,Peru,0,-75.9903,-9.18487,134599.05,2006-12-26,2007-02-02,News,6,46000,Heavy rain,1.0
3024,0,Peru,0,-74.4608,-11.4745,124921.44,2007-01-21,2007-02-10,News,38,5000,Heavy rain,1.0
3045,FL-2007-000040-HTI,Haiti,,-71.7811,19.4139,4699.06,2007-03-20,2007-03-30,News,11,7800,Heavy rain,1.0
3062,0,Colombia,0,-75.2114,4.50308,1940.49,2007-04-26,2007-05-02,News,17,2000,Heavy rain,1.0
3080,FL-2007-000068-COL,Colombia,0,-75.4261,7.37836,29773.22,2007-05-19,2007-06-27,News,14,3000,Heavy rain,1.0
3087,0,Cuba,0,-76.9287,21.3491,15430.0,2007-05-26,2007-05-28,News,2,3000,Heavy rain,1.0
3089,0,Dominican Republic,,-71.0538,19.5479,13536.47,2007-05-30,2007-06-03,News,11,20000,Heavy rain,1.0
3121,0,Colombia,0,-75.5933,8.3753,69988.11,2007-06-27,2007-09-10,News,43,700000,Heavy rain,1.0
3140,0,Haiti,0,-72.2918,18.5499,123.795,2007-07-23,2007-07-24,News,4,300,Heavy rain,1.0
3172,0,Martinique,,-61.0242,14.6415,2562.43,2007-08-17,2007-08-24,News,25,20000,Tropical cyclone,1.0
3203,FL-2007-000181-HTI,Haiti,,-76.3962,20.6695,35310.52,2007-10-07,2007-10-17,News,45,38000,Heavy rain,1.0
3212,0,Colombia,0,-74.9063,7.89355,297814.6,2007-10-01,2007-12-10,News,90,266000,Heavy rain,1.0
3218,TC-2007-000198-DOM,Dominican Republic,,-70.3776,18.8777,89895.55,2007-10-28,2007-11-10,News,142,94000,Tropical cyclone,1.0
3239,ST-2007-000224-DOM,Dominican Republic,,-71.03,18.9316,34786.19,2007-12-11,2007-12-17,News,36,62000,Tropical cyclone,1.0
3263,FL-2008-000018-ECU,Ecuador,0,-79.6578,-1.24729,75830.05,2008-01-30,2008-05-01,News,51,265000,Heavy rain,2.0
3267,FL-2008-000031-PER,Peru,0,-73.0124,-10.1112,709143.74,2008-02-04,2008-05-07,News,26,45000,Heavy rain,1.0
3283,0,Colombia,0,-75.4189,2.67812,3994.26,2008-03-11,2008-03-15,News,5,0,Heavy rain,1.0
3308,FL-2008-000069-CHL,Chile,0,-71.9498,-35.8586,110526.17,2008-05-19,2008-05-27,News,4,32000,Heavy rain,1.0
3316,FL-2008-000084-BLZ,Belize,0,-89.1136,17.3019,33638.36,2008-05-31,2008-06-05,News,2,0,Tropical Storm Arthur,1.0
3324,FL-2008-000095-SUR,Suriname,0,-55.676,2.96378,62356.11,2008-06-01,2008-06-25,News,0,6500,Heavy Rain,1.0
3335,TC-2008-000112-LBR,Chile,0,-71.9359,-39.1167,161604.85,2008-07-20,2008-07-20,News,0,0,Heavy Rain,1.5
3362,0,Dominican Republic,,-71.585,19.1607,37960.27,2008-08-16,2008-08-18,News,0,0,Tropical Storm Fay,1.5
3369,0,Haiti,,-71.9755,18.871,33215.47,2008-08-26,2008-08-28,News,22,5000,Tropical Storm Gustav,1.5
3373,0,Haiti,0,-71.6984,18.4572,25885.67,2008-09-06,2008-09-08,News,58,125000,Tropical Storm Ike,1.5
3381,0,Puerto Rico,0,-66.5533,18.0513,1643.82,2008-09-21,2008-09-23,News,4,0,Heavy rain,1.5
3407,TC-2008-000229-VNM,Cuba,0,-76.1709,20.6944,35294.06,2008-11-17,2008-11-20,News,0,20000,Heavy Rain,1.5
3421,0,Colombia,0,-74.2318,8.99892,195388.17,2008-12-13,2008-12-14,News,2,0,Brief Torrential Rain,1.0
3422,FL-2008-200246-GUY,Guyana,0,-58.5766,7.08029,39997.97,2008-12-13,2009-01-12,News,76,1200000,Heavy Rain,1.5
3435,0,Dominican Republic,0,-70.1394,19.3268,14541.8,2009-01-23,2009-01-26,News,11,0,Snowmelt,1.0
3446,FL-2009-000031-DOM,Dominican Republic,0,-70.0833,19.2809,15152.49,2009-02-01,2009-02-12,News,24,2000,Heavy Rain,1.5
3452,FL-2009-000052-COL,Colombia,0,-76.5144,4.36564,72654.16,2009-02-12,2009-02-16,News,0,3000,Heavy Rain,1.5
3453,0,Peru,0,-74.4359,-13.5756,85604.33,2009-02-15,2009-02-17,News,6,10000,Heavy Rain,1.0
3483,0,Haiti,0,-72.3336,19.5616,5754.23,2009-05-18,2009-05-21,News,0,0,Heavy Rain,1.5
3583,FL-2009-000261-PER,Peru,0,-75.0108,-11.826,172579.0,2009-12-20,2009-12-21,0,0,0,Heavy Rain,1.0
3597,0,Peru,0,-72.9391,-12.9894,135281.63,2010-01-25,2010-01-30,0,20,0,Torrential Rain,2.0
3605,0,Dominican Republic,0,-70.5612,19.627,2791.39,2010-02-14,2010-02-15,0,0,150,Torrential Rain,1.0
3609,FL-2010-000023-ECU,Peru,,-78.2867,-4.68221,305772.0,2010-02-10,2010-02-17,0,0,80000,Torrential Rain,1.0
3613,FL-2010-000037-HTI,Haiti,0,-73.7657,18.4176,3836.32,2010-02-28,2010-03-02,0,13,0,Heavy Rain,1.0
3619,0,Peru,0,-73.3575,-11.8464,57889.66,2010-03-02,2010-03-04,0,7,20,Heavy Rain,1.0
3637,0,Cuba,0,-75.3832,20.2623,10657.92,2010-04-17,2010-04-21,0,0,84,Heavy Rain,1.0
3670,FL-2010-000121-DOM,Dominican Republic,0,-70.3928,19.2545,15731.6,2010-06-25,2010-06-27,0,0,0,Torrential Rain,1.0
3725,0,Jamaica,0,-77.2932,18.1978,6786.59,2010-09-20,2010-09-30,News,5,0,Tropical Storm Nicole,1.5
3742,TC-2010-000216-HTI,Haiti,,-75.8813,20.4766,39742.27,2010-11-05,2010-11-10,News,0,0,Hurricane Tomas,1.5
3781,,Peru,,-71.7581,-14.5325,135202.5,2011-02-10,2011-02-26,News,0,300,Torrential Rain,1.0
3782,,Bolivia,Peru,-65.5997,-16.4659,122139.84,2011-02-14,2011-02-26,News,3,10000,Torrential Rain,1.5
3817,,Haiti,Dominican Republic,-71.9966,18.5965,1115.2,2011-06-04,2011-06-13,News,23,250,Heavy Rain,1.0
3836,,Dominican Republic,Haiti,-70.9765,18.855,43197.43,2011-07-02,2011-07-06,News,4,4000,Heavy Rain,1.5
3848,,Dominican Republic,Haiti,-70.4897,19.1316,28022.38,2011-08-03,2011-08-09,News,3,7000,Tropical Storm-Emily,1.5
3910,,Ecuador,,-79.4951,-0.5987,39793.06,2012-03-01,2012-03-26,News,10,4700,Heavy Rain,1.5
3911,,Chile,,-69.408,-52.8256,88870.6,2012-03-01,2012-03-15,News,0,1000,Heavy Rain,1.5
3915,,Haiti,Dominican Republic,-72.5821,19.4433,35151.93,2012-04-08,2012-04-26,News,9,11000,Heavy Rain,1.5
3973,TC-2012-000152-HTI,Haiti,,-72.2827,19.1356,4904.1,2012-08-25,2012-08-29,News,19,15000,Tropical Storm Isaac,1.5
3997,TC-2012-000180-CUB; TC-2012-000180-,USA,Haiti,-75.228,39.9231,293995.06,2012-10-24,2012-10-29,News,65,0,Tropical Storm Sandy,2.0
4017,,Peru,,-76.4573,-9.28298,318648.95,2013-01-04,2013-01-10,News,0,2000,Torrential Rain,1.5
4027,,Peru,Bolivia,-69.094,-20.3461,577782.56,2013-02-08,2013-02-12,News,31,2400,Heavy Rain,2.0
4041,,Peru,Bolivia,-70.9926,-16.5124,740437.68,2013-03-10,2013-03-17,News,0,3000,Heavy Rain,1.5
4097,,Peru,,-76.1873,-8.5735,253520.53,2013-10-11,2013-10-14,News,0,1100,Heavy Rain,1.5
4109,,Cuba,,-81.3958,22.9043,7627.3,2013-12-01,2013-12-08,News,2,227,Torrential Rain,1.0
4114,FL-2013-000159-LCA,Saint Vincent,St. Lucia,-60.9886,13.9188,830.232,2013-12-26,2014-01-04,News,11,0,Heavy Rain,1.0
4116,,Peru,,-71.5232,-12.4186,74144.66,2014-01-01,2014-01-04,News,0,300,Heavy Rain,1.0
4180,,Dominican Republic,,-69.754,19.0682,13399.5,2014-08-20,2014-09-04,News,0,4000,Tropical Storm Cristobal,1.0
4214,FL-2014-000163-COL,Colombia,,-75.544,4.59198,406009.51,2014-11-01,2014-12-20,News,44,0,Heavy Rain,1.5
4225,,Bolivia,Peru,-65.8445,-11.5042,487370.75,2015-02-20,2015-02-24,News,0,4000,Monsoonal Rain,1.5
4227,,Dominican Republic,,-69.8035,19.3285,11588.13,2015-02-20,2015-02-24,News,0,12000,Heavy Rain,1.0
4238,FL-2015-000027-CHL,Chile,,-68.888,-22.3617,154773.16,2015-03-25,2015-04-08,News,27,2514,Heavy Rain,2.0
4243,,Haiti,,-72.1912,18.685,3672.34,2015-04-04,2015-04-06,News,6,1000,Heavy Rain,1.0
4255,,Chile,,-72.9212,-44.1033,224189.77,2015-05-17,2015-05-21,News,0,100,Heavy Rain,1.5
4275,,Guyana,,-58.7431,6.66576,30931.23,2015-07-16,2015-07-21,News,0,0,Heavy Rain,1.5
4306,TC-2015-000142-BHS,Bahamas,,-73.8324,22.4916,4639.41,2015-10-02,2015-10-08,News,0,300,Tropical Storm Joaquin,1.5
4326,,Ecuador,Colombia,-79.7009,-0.786333,69541.98,2016-01-19,2016-01-29,News,7,2300,Torrential Rain,1.5
4354,,Dominican Republic,Haiti,-71.1644,18.9942,23311.63,2016-05-08,2016-05-11,Flood List,5,3000,Heavy Rain,1.5
4402,,USA,Haiti,-80.8949,33.0316,138622.34,2016-10-05,2016-10-16,News,920,6000,Tropical Storm Matthew,2.0
4415,,Haiti,,-72.5871,19.7388,4534.1,2016-11-05,2016-11-10,News,10,0,Heavy Rain,1.0
4416,,Dominican Republic,,-70.1252,18.9199,30798.38,2016-11-07,2016-11-10,News,0,20000,Heavy Rain,1.0
4420,,Colombia,,-76.4842,2.80694,22578.75,2016-12-01,2016-12-07,News,0,6,Torrential Rain,1.0
4441,,Peru,,-77.573,-5.25083,288499.13,2017-02-01,2017-02-07,News,1,12000,Heavy Rain,1.0
4442,,Colombia,,-76.2863,1.6911,117321.46,2017-01-05,2017-02-07,News,0,280,Heavy Rain,1.0
4445,,Chile,,-70.2489,-30.9395,183781.03,2017-02-24,2017-03-03,News,3,1200,Heavy Rain,2.0
4448,,Colombia,,-72.6737,3.72258,128596.78,2017-02-23,2017-03-03,News,1,2000,Heavy Rain,1.0
4450,FL-2017-000018-PER,Peru,,-75.1481,-11.0042,810942.34,2017-02-01,2017-03-22,News,78,70000,Heavy Rain,2.0
4456,MS-2017-000033-COL,Colombia,,-76.1131,2.18701,28634.32,2017-04-01,2017-04-08,News,314,0,Heavy Rain,2.0
4467,,Dominican Republic,Haiti,-69.853,18.9198,24676.67,2017-04-23,2017-05-02,News,0,17145,Torrential Rain,1.5
4473,,Chile,,-69.952,-27.1217,157698.57,2017-05-11,2017-05-15,News,2,3000,Heavy Rain,1.5
4478,,Guyana,,-59.0153,3.81464,131888.36,2017-05-20,2017-05-25,News,0,100,Heavy Rain,1.5
4487,,Chile,,-70.9912,-33.4188,71430.43,2017-06-14,2017-06-20,News,4,50,Heavy Rain,1.0
4516,TC-2017-000132-CUB,USA,Cuba,-81.6252,28.5942,219532.85,2017-09-08,2017-09-19,News,84,3000,Tropical Storm Irma,2.0
4537,,Colombia,,-74.2573,3.12814,50404.63,2017-11-07,2017-11-10,News,4,200,Heavy Rain,1.5
4593,,Dominican Republic,,-70.9541,19.6636,3227.68,2018-03-15,2018-03-20,FloodList,0,0,Torrential Rain,1.5
4595,,Argentina,Chile,-70.276,-52.9076,30965.78,2018-04-03,2018-04-06,FloodList,0,50,Torrential Rain,1.5
4625,,USA,Cuba,-84.4022,34.0254,221576.46,2018-05-27,2018-05-31,FloodList,3,23000,Tropical Storm Alberto,1.5
4647,,Dominican Republic,USA,-69.7045,19.0183,21589.73,2018-07-09,2018-07-11,FloodList,0,8000,Tropical Storm Beryl,1.0
4662,,Colombia,Venezuela,-68.2941,2.75369,138376.07,2018-07-26,2018-09-04,FloodList,0,5000,Heavy Rain,1.5
4691,,Colombia,,-72.451,11.2344,19329.37,2018-10-05,2018-10-21,FloodLIst,0,0,Heavy Rain,1.0
4706,,Ecuador,,-77.7214,-1.48156,70607.79,2018-11-24,2018-11-28,FloodList,9,150,Heavy Rain,1.0
4722,,Ecuador,,-77.9688,-1.23336,68561.57,2019-02-09,2019-02-20,FloodList,0,0,Heavy Rain,1.0
4726,,Chile,Peru,-69.2454,-21.9649,272110.34,2019-01-26,2019-02-19,FloodList,6,600,Heavy Rain,1.5
4735,,Peru,,-75.1489,-6.29384,659470.61,2019-03-29,2019-04-02,FloodList,0,150,Heavy Rain,1.0
4738,,Colombia,,-74.9996,5.21079,517907.89,2019-04-01,2019-04-20,FloodList,10,0,Torrential Rain,1.0
4760,,Colombia,,-73.8614,0.698152,193568.08,2019-06-21,2019-06-23,FloodList,2,0,Torrential Rain,1.0
4790,,Bahamas,USA,-78.4266,26.622,1721.4,2019-09-01,2019-09-04,FloodList,5,30000,Tropical Storm Dorian,2.0
4815,,Ecuador,,-76.8306,-1.5563,47965.6,2019-10-20,2019-11-06,FloodList,1,100,Heavy Rain,1.0
4821,,Colombia,,-75.2965,7.7648,66443.64,2019-10-28,2019-11-06,FloodLIst,0,8400,Heavy Rain,1.5
4839,,Peru,,-75.0739,-9.82611,206909.78,2020-01-01,2020-01-08,FloodList,0,150,Heavy Rain,1.5
4840,,Colombia,,-76.6822,6.78628,51192.41,2019-12-30,2020-01-05,FloodList,0,0,Heavy Rain,1.5
4853,,Peru,,-76.9791,-5.92065,322182.75,2019-12-15,2019-12-31,FloodList,0,100,Heavy Rain,1.0
4855,,Colombia,,-73.9604,3.49981,127300.56,2019-12-25,2019-12-27,FloodList,8,15,Torrential Rain,1.5
4856,,Peru,,-75.643,-9.73816,261687.68,2019-12-06,2019-12-14,FloodList,0,500,Heavy Rain,1.0
4857,,Colombia,,-77.3255,1.69119,50331.67,2019-12-06,2019-12-12,FloodList,0,0,Heavy Rain,1.0
4869,,Peru,,-71.2386,-14.5764,146371.91,2020-02-09,2020-02-18,FloodList,2,1600,Heavy Rain,1.5
4878,,Colombia,,-72.6243,6.44993,34354.65,2020-03-14,2020-03-16,FloodList,1,400,Torrential Rain,1.0
4890,,Colombia,,-76.8801,7.49274,22501.07,2020-04-01,2020-04-03,FloodList,0,500,Heavy Rain,1.0
4898,,Peru,,-76.8801,-7.01073,152175.01,2020-03-28,2020-04-02,FloodList,0,120,Heavy Rain,1.5
4918,,Ecuador,,-77.9936,-2.68377,24825.78,2020-05-16,2020-05-19,FloodList,2,15,Heavy Rain,1.0
4945,,Colombia,,-75.2965,3.46299,259423.03,2020-07-05,2020-07-18,FloodList,5,660,Heavy Rain,1.5
4956,,Haiti,Dominican Republic,-70.9046,18.9079,61964.98,2020-08-21,2020-08-25,FloodList,11,0,Tropical Storm Laura,2.0
4962,,USA,Haiti,-70.9417,19.5642,138227.84,2020-08-22,2020-08-30,FloodList,72,600000,Tropical Storm Laura,2.0
4978,,Colombia,,-74.2078,9.99546,37556.5,2020-10-20,2020-11-09,FloodList,0,3000,Heavy Rain,1.5
4987,,Colombia,,-74.8759,8.55756,237001.31,2020-11-13,2020-11-23,FloodList,2,2000,Heavy Rain,1.5
4997,,Ecuador,,-78.5132,-2.27455,31228.69,2020-12-25,2020-12-29,FloodList,0,0,Heavy Rain,1.0
5021,,Chile,,-71.3871,-35.3275,93471.22,2021-01-29,2021-02-03,FloodList,0,521,Heavy Rain,1.5
5042,,Peru,,-79.7133,-5.5655,55124.61,2021-03-02,2021-03-05,FloodList,0,100,Torrential Rain,1.5
5043,,Peru,,-70.7561,-12.066,99072.96,2021-02-23,2021-03-01,FloodList,0,4000,Heavy Rain,1.5
5048,,Colombia,,-76.4224,7.30687,5150.18,2021-03-22,2021-03-23,FloodList,0,0,Torrential Rain,1.5
5050,,Haiti,,-72.3521,18.9203,11054.93,2021-04-02,2021-04-07,FloodList,3,750,Heavy Rain,1.5
5051,,Colombia,,-73.0201,1.66438,257391.9,2021-04-01,2021-04-06,FloodList,3,0,Heavy Rain,1.0
5054,,Peru,,-74.4553,-3.02046,252707.23,2021-04-01,2021-04-15,FloodList,0,0,Heavy Rain,1.0
5060,,Colombia,,-77.7214,2.28697,11140.33,2021-04-21,2021-04-30,FloodList,0,0,Heavy Rain,1.5
5078,,Chile,,-72.2778,-37.8809,18989.67,2021-06-01,2021-06-02,FloodList,0,36,Torrential Rain,1.5
5087,,Guyana,Suriname,-58.9658,5.15327,170318.02,2021-05-15,2021-06-18,FloodList,0,0,Heavy Rain,1.0
5109,,Colombia,,-72.5748,3.22666,50656.99,2021-08-13,2021-08-17,FloodList,3,100,Heavy Rain,1.0
5114,,Haiti,,-73.0696,18.4744,10341.15,2021-08-16,2021-08-17,News Media,0,0,Tropical Storm Grace,1.5
5120,,Colombia,,-75.8904,9.00464,46072.5,2021-09-05,2021-09-26,FloodList,0,6000,Heavy Rain,1.0
